{
  "IcoMoonType": "selection",
  "icons": [],
  "height": 1024,
  "metadata": {
    "name": "icon-fonts"
  },
  "preferences": {
    "showGlyphs": true,
    "showQuickUse": false,
    "showQuickUse2": true,
    "showSVGs": true,
    "fontPref": {
      "prefix": "icon-",
      "metadata": {
        "fontFamily": "icon-fonts",
        "majorVersion": 1,
        "minorVersion": 0,
        "description": "Font generated by IcoMoon."
      },
      "metrics": {
        "emSize": 1024,
        "baseline": 6.25,
        "whitespace": 50
      },
      "embed": false,
      "includeMetadata": true,
      "autoHost": true
    },
    "imagePref": {
      "prefix": "icon-",
      "png": true,
      "useClassSelector": true,
      "color": 0,
      "bgColor": 16777215,
      "classSelector": ".icon",
      "name": "icomoon"
    },
    "historySize": 50,
    "showCodes": false,
    "gridSize": 16,
    "showLiga": true,
    "quickUsageToken": {
      "UntitledProject": "MjM0YmM2MjRlZTk4ZjZmNTk0NWNiMWE4OGUwYmYyNzAjMSMxNTMzMDM0MDE3IyMj"
    }
  }
}